board_type,board_code,board_name,source,member_count,updated_at,confidence
industry,BK1596,其他生物制品,eastmoney_push2_clist,38,2026-06-29T17:30:53,100
industry,BK1600,医疗研发外包,eastmoney_push2_clist,29,2026-06-29T17:30:53,100
industry,BK1326,半导体设备,eastmoney_push2_clist,23,2026-06-29T17:30:53,100
industry,BK1044,生物制品,eastmoney_push2_clist,58,2026-06-29T17:30:53,100
industry,BK1325,半导体材料,eastmoney_push2_clist,31,2026-06-29T17:30:53,100
industry,BK1594,化学制剂,eastmoney_push2_clist,100,2026-06-29T17:30:53,100
industry,BK0727,医疗服务,eastmoney_push2_clist,54,2026-06-29T17:30:53,100
industry,BK0465,化学制药,eastmoney_push2_clist,100,2026-06-29T17:30:53,100
industry,BK1623,钼,eastmoney_push2_clist,2,2026-06-29T17:30:53,100
industry,BK1424,氟化工,eastmoney_push2_clist,10,2026-06-29T17:30:53,100
industry,BK1598,疫苗,eastmoney_push2_clist,14,2026-06-29T17:30:53,100
industry,BK1595,原料药,eastmoney_push2_clist,46,2026-06-29T17:30:53,100
industry,BK1216,医药生物,eastmoney_push2_clist,100,2026-06-29T17:30:53,100
industry,BK1507,宠物食品,eastmoney_push2_clist,4,2026-06-29T17:30:53,100
industry,BK1327,分立器件,eastmoney_push2_clist,18,2026-06-29T17:30:53,100
industry,BK1500,医美耗材,eastmoney_push2_clist,3,2026-06-29T17:30:53,100
industry,BK1512,生猪养殖,eastmoney_push2_clist,11,2026-06-29T17:30:53,100
industry,BK1604,医疗耗材,eastmoney_push2_clist,54,2026-06-29T17:30:53,100
industry,BK1320,逆变器,eastmoney_push2_clist,9,2026-06-29T17:30:53,100
industry,BK1608,中药Ⅲ,eastmoney_push2_clist,66,2026-06-29T17:30:53,100
industry,BK1040,中药Ⅱ,eastmoney_push2_clist,66,2026-06-29T17:30:53,100
industry,BK1450,空调,eastmoney_push2_clist,3,2026-06-29T17:30:53,100
industry,BK1605,医疗设备,eastmoney_push2_clist,44,2026-06-29T17:30:53,100
industry,BK1602,诊断服务,eastmoney_push2_clist,5,2026-06-29T17:30:53,100
industry,BK1041,医疗器械,eastmoney_push2_clist,100,2026-06-29T17:30:53,100
industry,BK1443,橡胶助剂,eastmoney_push2_clist,2,2026-06-29T17:30:53,100
industry,BK1601,医院,eastmoney_push2_clist,15,2026-06-29T17:30:53,100
industry,BK1296,视频媒体,eastmoney_push2_clist,1,2026-06-29T17:30:53,100
industry,BK1452,卫浴电器,eastmoney_push2_clist,3,2026-06-29T17:30:53,100
industry,BK1253,医疗美容,eastmoney_push2_clist,4,2026-06-29T17:30:53,100
industry,BK1258,饲料,eastmoney_push2_clist,17,2026-06-29T17:30:53,100
industry,BK1597,血液制品,eastmoney_push2_clist,6,2026-06-29T17:30:53,100
industry,BK1498,品牌化妆品,eastmoney_push2_clist,8,2026-06-29T17:30:53,100
industry,BK1348,辅料,eastmoney_push2_clist,4,2026-06-29T17:30:53,100
industry,BK1603,体外诊断,eastmoney_push2_clist,40,2026-06-29T17:30:53,100
industry,BK1259,养殖业,eastmoney_push2_clist,22,2026-06-29T17:30:53,100
industry,BK1495,生活用纸,eastmoney_push2_clist,9,2026-06-29T17:30:53,100
industry,BK1356,其他饰品,eastmoney_push2_clist,2,2026-06-29T17:30:53,100
industry,BK1036,半导体,eastmoney_push2_clist,100,2026-06-29T17:30:53,100
industry,BK1323,综合电力设备商,eastmoney_push2_clist,2,2026-06-29T17:30:53,100
industry,BK1251,个护用品,eastmoney_push2_clist,13,2026-06-29T17:30:53,100
industry,BK1599,其他医疗服务,eastmoney_push2_clist,5,2026-06-29T17:30:53,100
industry,BK1508,畜禽饲料,eastmoney_push2_clist,9,2026-06-29T17:30:53,100
industry,BK1606,线下药店,eastmoney_push2_clist,8,2026-06-29T17:30:53,100
industry,BK1586,软饮料,eastmoney_push2_clist,8,2026-06-29T17:30:53,100
industry,BK1501,动物保健Ⅲ,eastmoney_push2_clist,12,2026-06-29T17:30:53,100
industry,BK1254,动物保健Ⅱ,eastmoney_push2_clist,12,2026-06-29T17:30:53,100
industry,BK1516,其他种植业,eastmoney_push2_clist,5,2026-06-29T17:30:53,100
industry,BK1042,医药商业,eastmoney_push2_clist,32,2026-06-29T17:30:53,100
industry,BK1607,医药流通,eastmoney_push2_clist,24,2026-06-29T17:30:53,100
industry,BK1360,金融信息服务,eastmoney_push2_clist,3,2026-06-29T17:30:53,100
industry,BK1496,洗护用品,eastmoney_push2_clist,4,2026-06-29T17:30:53,100
industry,BK1583,零食,eastmoney_push2_clist,11,2026-06-29T17:30:53,100
industry,BK1358,保险Ⅲ,eastmoney_push2_clist,5,2026-06-29T17:30:53,100
industry,BK0474,保险Ⅱ,eastmoney_push2_clist,5,2026-06-29T17:30:53,100
industry,BK0734,饰品,eastmoney_push2_clist,18,2026-06-29T17:30:53,100
industry,BK1300,院线,eastmoney_push2_clist,4,2026-06-29T17:30:53,100
industry,BK1301,游戏Ⅲ,eastmoney_push2_clist,24,2026-06-29T17:30:53,100
industry,BK1046,游戏Ⅱ,eastmoney_push2_clist,24,2026-06-29T17:30:53,100
industry,BK1035,美容护理,eastmoney_push2_clist,32,2026-06-29T17:30:53,100
industry,BK1614,铅锌,eastmoney_push2_clist,12,2026-06-29T17:30:53,100
industry,BK1357,钟表珠宝,eastmoney_push2_clist,16,2026-06-29T17:30:53,100
industry,BK1239,白色家电,eastmoney_push2_clist,12,2026-06-29T17:30:53,100
industry,BK1329,集成电路制造,eastmoney_push2_clist,8,2026-06-29T17:30:53,100
industry,BK1343,物业管理,eastmoney_push2_clist,9,2026-06-29T17:30:53,100
industry,BK1578,其他酒类,eastmoney_push2_clist,10,2026-06-29T17:30:53,100
industry,BK1509,水产饲料,eastmoney_push2_clist,4,2026-06-29T17:30:53,100
industry,BK1622,镍,eastmoney_push2_clist,1,2026-06-29T17:30:53,100
industry,BK1573,油田服务,eastmoney_push2_clist,8,2026-06-29T17:30:53,100
industry,BK1347,纺织鞋类制造,eastmoney_push2_clist,1,2026-06-29T17:30:53,100
industry,BK1563,自然景区,eastmoney_push2_clist,13,2026-06-29T17:30:53,100
industry,BK1459,清洁小家电,eastmoney_push2_clist,8,2026-06-29T17:30:53,100
industry,BK1332,电子化学品Ⅲ,eastmoney_push2_clist,37,2026-06-29T17:30:53,100
industry,BK1039,电子化学品Ⅱ,eastmoney_push2_clist,37,2026-06-29T17:30:53,100
industry,BK1542,文化用品,eastmoney_push2_clist,5,2026-06-29T17:30:53,100
industry,BK1378,其他能源发电,eastmoney_push2_clist,2,2026-06-29T17:30:53,100
industry,BK1281,休闲食品,eastmoney_push2_clist,23,2026-06-29T17:30:53,100
industry,BK1376,核力发电,eastmoney_push2_clist,3,2026-06-29T17:30:53,100
industry,BK1240,厨卫电器,eastmoney_push2_clist,9,2026-06-29T17:30:53,100
industry,BK1453,彩电,eastmoney_push2_clist,4,2026-06-29T17:30:53,100
industry,BK1520,综合乘用车,eastmoney_push2_clist,6,2026-06-29T17:30:53,100
industry,BK0433,农林牧渔,eastmoney_push2_clist,100,2026-06-29T17:30:53,100
industry,BK1511,肉鸡养殖,eastmoney_push2_clist,8,2026-06-29T17:30:53,100
industry,BK1617,黄金,eastmoney_push2_clist,10,2026-06-29T17:30:53,100
industry,BK1319,硅料硅片,eastmoney_push2_clist,5,2026-06-29T17:30:53,100
industry,BK1624,其他小金属,eastmoney_push2_clist,15,2026-06-29T17:30:53,100
industry,BK1565,会展服务,eastmoney_push2_clist,3,2026-06-29T17:30:53,100
industry,BK1493,动力煤,eastmoney_push2_clist,17,2026-06-29T17:30:53,100
industry,BK1522,其他运输设备,eastmoney_push2_clist,10,2026-06-29T17:30:53,100
industry,BK1551,百货,eastmoney_push2_clist,21,2026-06-29T17:30:53,100
industry,BK1449,冰洗,eastmoney_push2_clist,9,2026-06-29T17:30:53,100
industry,BK1282,饮料乳品,eastmoney_push2_clist,27,2026-06-29T17:30:53,100
industry,BK1458,个护小家电,eastmoney_push2_clist,4,2026-06-29T17:30:53,100
industry,BK1279,非白酒,eastmoney_push2_clist,17,2026-06-29T17:30:53,100
industry,BK1262,乘用车,eastmoney_push2_clist,9,2026-06-29T17:30:53,100
industry,BK1515,粮食种植,eastmoney_push2_clist,2,2026-06-29T17:30:53,100
industry,BK1275,油服工程,eastmoney_push2_clist,14,2026-06-29T17:30:53,100
industry,BK1582,烘焙食品,eastmoney_push2_clist,9,2026-06-29T17:30:53,100
industry,BK1241,黑色家电,eastmoney_push2_clist,10,2026-06-29T17:30:53,100
industry,BK1575,白酒Ⅲ,eastmoney_push2_clist,20,2026-06-29T17:30:53,100
industry,BK1277,白酒Ⅱ,eastmoney_push2_clist,20,2026-06-29T17:30:53,100
industry,BK1252,化妆品,eastmoney_push2_clist,15,2026-06-29T17:30:53,100
industry,BK1250,煤炭开采,eastmoney_push2_clist,27,2026-06-29T17:30:53,100
industry,BK1546,电商服务,eastmoney_push2_clist,8,2026-06-29T17:30:53,100
industry,BK1584,熟食,eastmoney_push2_clist,3,2026-06-29T17:30:53,100
industry,BK1367,板材,eastmoney_push2_clist,18,2026-06-29T17:30:53,100
industry,BK1456,其他家电Ⅲ,eastmoney_push2_clist,3,2026-06-29T17:30:53,100
industry,BK1243,其他家电Ⅱ,eastmoney_push2_clist,3,2026-06-29T17:30:53,100
industry,BK0437,煤炭,eastmoney_push2_clist,34,2026-06-29T17:30:53,100
industry,BK1568,人力资源服务,eastmoney_push2_clist,3,2026-06-29T17:30:53,100
industry,BK1537,成品家居,eastmoney_push2_clist,17,2026-06-29T17:30:53,100
industry,BK1369,长材,eastmoney_push2_clist,3,2026-06-29T17:30:53,100
industry,BK0732,贵金属,eastmoney_push2_clist,13,2026-06-29T17:30:53,100
industry,BK1331,数字芯片设计,eastmoney_push2_clist,51,2026-06-29T17:30:53,100
industry,BK1454,其他黑色家电,eastmoney_push2_clist,6,2026-06-29T17:30:53,100
industry,BK1244,小家电,eastmoney_push2_clist,23,2026-06-29T17:30:53,100
industry,BK1621,锂,eastmoney_push2_clist,8,2026-06-29T17:30:53,100
industry,BK1510,其他养殖,eastmoney_push2_clist,3,2026-06-29T17:30:53,100
industry,BK1261,种植业,eastmoney_push2_clist,21,2026-06-29T17:30:53,100
industry,BK1494,焦煤,eastmoney_push2_clist,10,2026-06-29T17:30:53,100
industry,BK1552,超市,eastmoney_push2_clist,7,2026-06-29T17:30:53,100
industry,BK1489,快递,eastmoney_push2_clist,4,2026-06-29T17:30:53,100
industry,BK1226,普钢,eastmoney_push2_clist,24,2026-06-29T17:30:53,100
industry,BK0482,一般零售,eastmoney_push2_clist,60,2026-06-29T17:30:53,100
industry,BK1545,特种纸,eastmoney_push2_clist,13,2026-06-29T17:30:53,100
industry,BK1448,横向通用软件,eastmoney_push2_clist,35,2026-06-29T17:30:53,100
industry,BK1530,商用载货车,eastmoney_push2_clist,9,2026-06-29T17:30:53,100
industry,BK1451,厨房电器,eastmoney_push2_clist,6,2026-06-29T17:30:53,100
industry,BK1502,林业Ⅲ,eastmoney_push2_clist,4,2026-06-29T17:30:53,100
industry,BK1255,林业Ⅱ,eastmoney_push2_clist,4,2026-06-29T17:30:53,100
industry,BK0456,家用电器,eastmoney_push2_clist,100,2026-06-29T17:30:53,100
industry,BK1267,造纸,eastmoney_push2_clist,25,2026-06-29T17:30:53,100
industry,BK1263,摩托车及其他,eastmoney_push2_clist,19,2026-06-29T17:30:53,100
industry,BK1272,旅游及景区,eastmoney_push2_clist,26,2026-06-29T17:30:53,100
industry,BK1490,原材料供应链服务,eastmoney_push2_clist,12,2026-06-29T17:30:53,100
industry,BK1015,能源金属,eastmoney_push2_clist,11,2026-06-29T17:30:53,100
industry,BK1380,水力发电,eastmoney_push2_clist,10,2026-06-29T17:30:53,100
industry,BK1544,大宗用纸,eastmoney_push2_clist,12,2026-06-29T17:30:53,100
industry,BK0438,食品饮料,eastmoney_push2_clist,100,2026-06-29T17:30:53,100
industry,BK1585,乳品,eastmoney_push2_clist,19,2026-06-29T17:30:53,100
industry,BK1342,房地产综合服务,eastmoney_push2_clist,2,2026-06-29T17:30:53,100
industry,BK1554,商业物业经营,eastmoney_push2_clist,16,2026-06-29T17:30:53,100
industry,BK1492,焦炭Ⅲ,eastmoney_push2_clist,7,2026-06-29T17:30:53,100
industry,BK1249,焦炭Ⅱ,eastmoney_push2_clist,7,2026-06-29T17:30:53,100
industry,BK1519,电动乘用车,eastmoney_push2_clist,3,2026-06-29T17:30:53,100
industry,BK1318,光伏主材,eastmoney_push2_clist,2,2026-06-29T17:30:53,100
industry,BK1045,房地产服务,eastmoney_push2_clist,14,2026-06-29T17:30:53,100
industry,BK1611,国有大型银行Ⅲ,eastmoney_push2_clist,6,2026-06-29T17:30:53,100
industry,BK1485,铁路运输,eastmoney_push2_clist,7,2026-06-29T17:30:53,100
industry,BK1434,钾肥,eastmoney_push2_clist,4,2026-06-29T17:30:53,100
industry,BK1477,其他专业工程,eastmoney_push2_clist,20,2026-06-29T17:30:53,100
industry,BK1576,调味发酵品Ⅲ,eastmoney_push2_clist,15,2026-06-29T17:30:53,100
industry,BK1278,调味发酵品Ⅱ,eastmoney_push2_clist,15,2026-06-29T17:30:53,100
industry,BK1553,多业态零售,eastmoney_push2_clist,16,2026-06-29T17:30:53,100
industry,BK1518,种子,eastmoney_push2_clist,10,2026-06-29T17:30:53,100
industry,BK1455,家电零部件Ⅲ,eastmoney_push2_clist,36,2026-06-29T17:30:53,100
industry,BK1242,家电零部件Ⅱ,eastmoney_push2_clist,36,2026-06-29T17:30:53,100
industry,BK1572,油气及炼化工程,eastmoney_push2_clist,6,2026-06-29T17:30:53,100
industry,BK1418,氯碱,eastmoney_push2_clist,15,2026-06-29T17:30:53,100
industry,BK1504,粮油加工,eastmoney_push2_clist,9,2026-06-29T17:30:53,100
industry,BK1438,合成树脂,eastmoney_push2_clist,13,2026-06-29T17:30:53,100
industry,BK1377,火力发电,eastmoney_push2_clist,34,2026-06-29T17:30:53,100
industry,BK1505,其他农产品加工,eastmoney_push2_clist,12,2026-06-29T17:30:53,100
industry,BK1429,食品及饲料添加剂,eastmoney_push2_clist,24,2026-06-29T17:30:53,100
industry,BK1541,卫浴制品,eastmoney_push2_clist,7,2026-06-29T17:30:53,100
industry,BK1615,铜,eastmoney_push2_clist,17,2026-06-29T17:30:53,100
industry,BK1577,啤酒,eastmoney_push2_clist,7,2026-06-29T17:30:53,100
industry,BK1264,商用车,eastmoney_push2_clist,14,2026-06-29T17:30:53,100
industry,BK1413,涤纶,eastmoney_push2_clist,10,2026-06-29T17:30:53,100
industry,BK1457,厨房小家电,eastmoney_push2_clist,11,2026-06-29T17:30:53,100
industry,BK1483,高速公路,eastmoney_push2_clist,21,2026-06-29T17:30:53,100
industry,BK1506,农业综合Ⅲ,eastmoney_push2_clist,3,2026-06-29T17:30:53,100
industry,BK1257,农业综合Ⅱ,eastmoney_push2_clist,3,2026-06-29T17:30:53,100
industry,BK1400,制冷空调设备,eastmoney_push2_clist,20,2026-06-29T17:30:53,100
industry,BK1266,文娱用品,eastmoney_push2_clist,23,2026-06-29T17:30:53,100
industry,BK1366,证券Ⅲ,eastmoney_push2_clist,49,2026-06-29T17:30:53,100
industry,BK0473,证券Ⅱ,eastmoney_push2_clist,49,2026-06-29T17:30:53,100
industry,BK1387,环保设备Ⅲ,eastmoney_push2_clist,26,2026-06-29T17:30:53,100
industry,BK1234,环保设备Ⅱ,eastmoney_push2_clist,26,2026-06-29T17:30:53,100
industry,BK1290,教育出版,eastmoney_push2_clist,10,2026-06-29T17:30:53,100
industry,BK1521,摩托车,eastmoney_push2_clist,9,2026-06-29T17:30:53,100
industry,BK1514,水产养殖,eastmoney_push2_clist,4,2026-06-29T17:30:53,100
industry,BK1203,非银金融,eastmoney_push2_clist,80,2026-06-29T17:30:53,100
industry,BK1213,商贸零售,eastmoney_push2_clist,100,2026-06-29T17:30:53,100
industry,BK1404,农用机械,eastmoney_push2_clist,10,2026-06-29T17:30:53,100
industry,BK1433,复合肥,eastmoney_push2_clist,10,2026-06-29T17:30:53,100
industry,BK1260,渔业,eastmoney_push2_clist,7,2026-06-29T17:30:53,100
industry,BK1481,港口,eastmoney_push2_clist,17,2026-06-29T17:30:53,100
industry,BK1256,农产品加工,eastmoney_push2_clist,27,2026-06-29T17:30:53,100
industry,BK1557,培训教育,eastmoney_push2_clist,11,2026-06-29T17:30:53,100
industry,BK1513,海洋捕捞,eastmoney_push2_clist,3,2026-06-29T17:30:53,100
industry,BK0421,铁路公路,eastmoney_push2_clist,36,2026-06-29T17:30:53,100
industry,BK1292,广告媒体,eastmoney_push2_clist,3,2026-06-29T17:30:53,100
industry,BK1517,食用菌,eastmoney_push2_clist,4,2026-06-29T17:30:53,100
industry,BK1352,非运动服装,eastmoney_push2_clist,39,2026-06-29T17:30:53,100
industry,BK1027,小金属,eastmoney_push2_clist,25,2026-06-29T17:30:53,100
industry,BK0479,钢铁,eastmoney_push2_clist,46,2026-06-29T17:30:53,100
industry,BK1298,文字媒体,eastmoney_push2_clist,2,2026-06-29T17:30:53,100
industry,BK1560,酒店,eastmoney_push2_clist,6,2026-06-29T17:30:53,100
industry,BK1287,工业金属,eastmoney_push2_clist,59,2026-06-29T17:30:53,100
industry,BK1302,电池化学品,eastmoney_push2_clist,43,2026-06-29T17:30:53,100
industry,BK1472,基建市政工程,eastmoney_push2_clist,27,2026-06-29T17:30:53,100
industry,BK1535,纸包装,eastmoney_push2_clist,21,2026-06-29T17:30:53,100
industry,BK1480,机场,eastmoney_push2_clist,5,2026-06-29T17:30:53,100
industry,BK1363,信托,eastmoney_push2_clist,3,2026-06-29T17:30:53,100
industry,BK1349,棉纺,eastmoney_push2_clist,9,2026-06-29T17:30:53,100
industry,BK1373,电能综合服务,eastmoney_push2_clist,16,2026-06-29T17:30:53,100
industry,BK1543,娱乐用品,eastmoney_push2_clist,18,2026-06-29T17:30:53,100
industry,BK1491,端到端供应链服务,eastmoney_push2_clist,7,2026-06-29T17:30:53,100
industry,BK1549,旅游零售Ⅲ,eastmoney_push2_clist,2,2026-06-29T17:30:53,100
industry,BK1269,旅游零售Ⅱ,eastmoney_push2_clist,2,2026-06-29T17:30:53,100
industry,BK1460,照明设备Ⅲ,eastmoney_push2_clist,15,2026-06-29T17:30:53,100
industry,BK1245,照明设备Ⅱ,eastmoney_push2_clist,15,2026-06-29T17:30:53,100
industry,BK0436,纺织服饰,eastmoney_push2_clist,100,2026-06-29T17:30:53,100
industry,BK1540,其他家居用品,eastmoney_push2_clist,24,2026-06-29T17:30:53,100
industry,BK1432,氮肥,eastmoney_push2_clist,6,2026-06-29T17:30:53,100
industry,BK1283,银行,eastmoney_push2_clist,42,2026-06-29T17:30:53,100
industry,BK0475,银行Ⅱ,eastmoney_push2_clist,42,2026-06-29T17:30:53,100
industry,BK0422,物流,eastmoney_push2_clist,47,2026-06-29T17:30:53,100
industry,BK1212,轻工制造,eastmoney_push2_clist,100,2026-06-29T17:30:53,100
industry,BK1562,人工景区,eastmoney_push2_clist,5,2026-06-29T17:30:53,100
industry,BK0440,家居用品,eastmoney_push2_clist,76,2026-06-29T17:30:53,100
industry,BK1539,定制家居,eastmoney_push2_clist,16,2026-06-29T17:30:53,100
industry,BK1561,旅游综合,eastmoney_push2_clist,8,2026-06-29T17:30:53,100
industry,BK0738,多元金融,eastmoney_push2_clist,26,2026-06-29T17:30:53,100
industry,BK1571,油品石化贸易,eastmoney_push2_clist,6,2026-06-29T17:30:53,100
industry,BK1612,农商行Ⅲ,eastmoney_push2_clist,10,2026-06-29T17:30:53,100
industry,BK1422,无机盐,eastmoney_push2_clist,11,2026-06-29T17:30:53,100
industry,BK1419,煤化工,eastmoney_push2_clist,10,2026-06-29T17:30:53,100
industry,BK1471,工程咨询服务Ⅲ,eastmoney_push2_clist,47,2026-06-29T17:30:53,100
industry,BK0726,工程咨询服务Ⅱ,eastmoney_push2_clist,47,2026-06-29T17:30:53,100
industry,BK1610,股份制银行Ⅲ,eastmoney_push2_clist,9,2026-06-29T17:30:53,100
industry,BK1268,互联网电商,eastmoney_push2_clist,18,2026-06-29T17:30:53,100
industry,BK1031,光伏设备,eastmoney_push2_clist,67,2026-06-29T17:30:53,100
industry,BK1375,光伏发电,eastmoney_push2_clist,13,2026-06-29T17:30:53,100
industry,BK1271,酒店餐饮,eastmoney_push2_clist,10,2026-06-29T17:30:53,100
industry,BK1368,钢铁管材,eastmoney_push2_clist,3,2026-06-29T17:30:53,100
industry,BK1328,集成电路封测,eastmoney_push2_clist,13,2026-06-29T17:30:53,100
industry,BK1431,有机硅,eastmoney_push2_clist,10,2026-06-29T17:30:53,100
industry,BK1310,配电设备,eastmoney_push2_clist,28,2026-06-29T17:30:53,100
industry,BK0740,教育,eastmoney_push2_clist,15,2026-06-29T17:30:53,100
industry,BK1616,白银,eastmoney_push2_clist,3,2026-06-29T17:30:53,100
industry,BK1359,金融控股,eastmoney_push2_clist,9,2026-06-29T17:30:53,100
industry,BK1218,出版,eastmoney_push2_clist,28,2026-06-29T17:30:53,100
industry,BK0486,传媒,eastmoney_push2_clist,100,2026-06-29T17:30:53,100
industry,BK1609,城商行Ⅲ,eastmoney_push2_clist,17,2026-06-29T17:30:53,100
industry,BK1581,预加工食品,eastmoney_push2_clist,11,2026-06-29T17:30:53,100
industry,BK1248,专业工程,eastmoney_push2_clist,40,2026-06-29T17:30:53,100
industry,BK1371,铁矿石,eastmoney_push2_clist,5,2026-06-29T17:30:53,100
industry,BK1620,钴,eastmoney_push2_clist,2,2026-06-29T17:30:53,100
industry,BK1222,影视院线,eastmoney_push2_clist,18,2026-06-29T17:30:53,100
industry,BK1224,纺织制造,eastmoney_push2_clist,33,2026-06-29T17:30:53,100
industry,BK1393,工程机械整机,eastmoney_push2_clist,22,2026-06-29T17:30:53,100
industry,BK1587,电信运营商,eastmoney_push2_clist,3,2026-06-29T17:30:53,100
industry,BK1391,综合环境治理,eastmoney_push2_clist,15,2026-06-29T17:30:53,100
industry,BK1345,商业地产,eastmoney_push2_clist,12,2026-06-29T17:30:53,100
industry,BK1558,学历教育,eastmoney_push2_clist,2,2026-06-29T17:30:53,100
industry,BK1210,交通运输,eastmoney_push2_clist,100,2026-06-29T17:30:53,100
industry,BK0478,有色金属,eastmoney_push2_clist,100,2026-06-29T17:30:53,100
industry,BK0428,电力,eastmoney_push2_clist,100,2026-06-29T17:30:53,100
industry,BK1414,锦纶,eastmoney_push2_clist,5,2026-06-29T17:30:53,100
industry,BK1390,水务及水治理,eastmoney_push2_clist,52,2026-06-29T17:30:53,100
industry,BK1344,产业地产,eastmoney_push2_clist,14,2026-06-29T17:30:53,100
industry,BK1488,跨境物流,eastmoney_push2_clist,13,2026-06-29T17:30:53,100
industry,BK1228,冶钢原料,eastmoney_push2_clist,9,2026-06-29T17:30:53,100
industry,BK1383,航海装备Ⅲ,eastmoney_push2_clist,10,2026-06-29T17:30:53,100
industry,BK1230,航海装备Ⅱ,eastmoney_push2_clist,10,2026-06-29T17:30:53,100
industry,BK0427,公用事业,eastmoney_push2_clist,100,2026-06-29T17:30:53,100
industry,BK1034,其他电源设备Ⅱ,eastmoney_push2_clist,33,2026-06-29T17:30:53,100
industry,BK1531,商用载客车,eastmoney_push2_clist,5,2026-06-29T17:30:53,100
industry,BK1464,水泥制造,eastmoney_push2_clist,14,2026-06-29T17:30:53,100
industry,BK1225,服装家纺,eastmoney_push2_clist,61,2026-06-29T17:30:53,100
industry,BK0737,软件开发,eastmoney_push2_clist,100,2026-06-29T17:30:53,100
industry,BK1365,租赁,eastmoney_push2_clist,3,2026-06-29T17:30:53,100
industry,BK1407,工控设备,eastmoney_push2_clist,32,2026-06-29T17:30:53,100
industry,BK1289,大众出版,eastmoney_push2_clist,18,2026-06-29T17:30:53,100
industry,BK1503,果蔬加工,eastmoney_push2_clist,6,2026-06-29T17:30:53,100
industry,BK1209,建筑装饰,eastmoney_push2_clist,100,2026-06-29T17:30:53,100
industry,BK1474,钢结构,eastmoney_push2_clist,10,2026-06-29T17:30:53,100
industry,BK1417,纯碱,eastmoney_push2_clist,5,2026-06-29T17:30:53,100
industry,BK1322,其他电源设备Ⅲ,eastmoney_push2_clist,27,2026-06-29T17:30:53,100
industry,BK0728,环保,eastmoney_push2_clist,100,2026-06-29T17:30:53,100
industry,BK1461,玻璃制造,eastmoney_push2_clist,9,2026-06-29T17:30:53,100
industry,BK1559,餐饮,eastmoney_push2_clist,4,2026-06-29T17:30:53,100
industry,BK1466,管材,eastmoney_push2_clist,7,2026-06-29T17:30:53,100
industry,BK1372,冶钢辅料,eastmoney_push2_clist,4,2026-06-29T17:30:53,100
industry,BK1534,印刷,eastmoney_push2_clist,5,2026-06-29T17:30:53,100
industry,BK1497,化妆品制造及其他,eastmoney_push2_clist,7,2026-06-29T17:30:53,100
industry,BK1214,社会服务,eastmoney_push2_clist,87,2026-06-29T17:30:53,100
industry,BK1396,金属制品,eastmoney_push2_clist,79,2026-06-29T17:30:53,100
industry,BK1201,电子,eastmoney_push2_clist,100,2026-06-29T17:30:53,100
industry,BK1316,光伏辅材,eastmoney_push2_clist,17,2026-06-29T17:30:53,100
industry,BK1536,综合包装,eastmoney_push2_clist,6,2026-06-29T17:30:53,100
industry,BK1394,轨交设备Ⅲ,eastmoney_push2_clist,32,2026-06-29T17:30:53,100
industry,BK1236,轨交设备Ⅱ,eastmoney_push2_clist,32,2026-06-29T17:30:53,100
industry,BK1364,资产管理,eastmoney_push2_clist,4,2026-06-29T17:30:53,100
industry,BK1406,印刷包装机械,eastmoney_push2_clist,12,2026-06-29T17:30:53,100
industry,BK1202,房地产,eastmoney_push2_clist,100,2026-06-29T17:30:53,100
industry,BK1019,化学原料,eastmoney_push2_clist,65,2026-06-29T17:30:53,100
industry,BK1487,公路货运,eastmoney_push2_clist,5,2026-06-29T17:30:53,100
industry,BK1265,包装印刷,eastmoney_push2_clist,48,2026-06-29T17:30:53,100
industry,BK1235,环境治理,eastmoney_push2_clist,100,2026-06-29T17:30:53,100
industry,BK0538,化学制品,eastmoney_push2_clist,100,2026-06-29T17:30:53,100
industry,BK0450,航运港口,eastmoney_push2_clist,37,2026-06-29T17:30:53,100
industry,BK0464,石油石化,eastmoney_push2_clist,49,2026-06-29T17:30:53,100
industry,BK1484,公交,eastmoney_push2_clist,8,2026-06-29T17:30:53,100
industry,BK1527,轮胎轮毂,eastmoney_push2_clist,21,2026-06-29T17:30:53,100
industry,BK1381,燃气Ⅲ,eastmoney_push2_clist,32,2026-06-29T17:30:53,100
industry,BK1028,燃气Ⅱ,eastmoney_push2_clist,32,2026-06-29T17:30:53,100
industry,BK0458,仪器仪表,eastmoney_push2_clist,64,2026-06-29T17:30:53,100
industry,BK0731,农化制品,eastmoney_push2_clist,63,2026-06-29T17:30:53,100
industry,BK1361,期货,eastmoney_push2_clist,4,2026-06-29T17:30:53,100
industry,BK1220,广告营销,eastmoney_push2_clist,30,2026-06-29T17:30:53,100
industry,BK1405,其他专用设备,eastmoney_push2_clist,91,2026-06-29T17:30:53,100
industry,BK0739,工程机械,eastmoney_push2_clist,35,2026-06-29T17:30:53,100
industry,BK1499,医美服务,eastmoney_push2_clist,1,2026-06-29T17:30:53,100
industry,BK1018,橡胶,eastmoney_push2_clist,23,2026-06-29T17:30:53,100
industry,BK1613,铝,eastmoney_push2_clist,30,2026-06-29T17:30:53,100
industry,BK1529,汽车电子电气系统,eastmoney_push2_clist,42,2026-06-29T17:30:53,100
industry,BK1468,其他建材Ⅲ,eastmoney_push2_clist,17,2026-06-29T17:30:53,100
industry,BK1294,门户网站,eastmoney_push2_clist,9,2026-06-29T17:30:53,100
industry,BK1247,基础建设,eastmoney_push2_clist,45,2026-06-29T17:30:53,100
industry,BK1523,汽车经销商,eastmoney_push2_clist,6,2026-06-29T17:30:53,100
industry,BK1436,农药,eastmoney_push2_clist,34,2026-06-29T17:30:53,100
industry,BK1314,风电整机,eastmoney_push2_clist,5,2026-06-29T17:30:53,100
industry,BK1446,其他计算机设备,eastmoney_push2_clist,64,2026-06-29T17:30:53,100
industry,BK1299,影视动漫制作,eastmoney_push2_clist,14,2026-06-29T17:30:53,100
industry,BK1293,营销代理,eastmoney_push2_clist,27,2026-06-29T17:30:53,100
industry,BK0424,水泥,eastmoney_push2_clist,23,2026-06-29T17:30:53,100
industry,BK1312,线缆部件及其他,eastmoney_push2_clist,40,2026-06-29T17:30:53,100
industry,BK1555,专业连锁Ⅲ,eastmoney_push2_clist,7,2026-06-29T17:30:53,100
industry,BK1270,专业连锁Ⅱ,eastmoney_push2_clist,7,2026-06-29T17:30:53,100
industry,BK1337,品牌消费电子,eastmoney_push2_clist,11,2026-06-29T17:30:53,100
industry,BK0451,房地产开发,eastmoney_push2_clist,91,2026-06-29T17:30:53,100
industry,BK1353,家纺,eastmoney_push2_clist,7,2026-06-29T17:30:53,100
industry,BK1200,电力设备,eastmoney_push2_clist,100,2026-06-29T17:30:53,100
industry,BK0457,电网设备,eastmoney_push2_clist,100,2026-06-29T17:30:53,100
industry,BK1470,房屋建设Ⅲ,eastmoney_push2_clist,8,2026-06-29T17:30:53,100
industry,BK1246,房屋建设Ⅱ,eastmoney_push2_clist,8,2026-06-29T17:30:53,100
industry,BK1447,垂直应用软件,eastmoney_push2_clist,100,2026-06-29T17:30:53,100
industry,BK1416,粘胶,eastmoney_push2_clist,3,2026-06-29T17:30:53,100
industry,BK1280,食品加工,eastmoney_push2_clist,27,2026-06-29T17:30:53,100
industry,BK1550,贸易Ⅲ,eastmoney_push2_clist,16,2026-06-29T17:30:53,100
industry,BK0484,贸易Ⅱ,eastmoney_push2_clist,16,2026-06-29T17:30:53,100
industry,BK0471,化学纤维,eastmoney_push2_clist,27,2026-06-29T17:30:53,100
industry,BK1370,特钢Ⅲ,eastmoney_push2_clist,13,2026-06-29T17:30:53,100
industry,BK1227,特钢Ⅱ,eastmoney_push2_clist,13,2026-06-29T17:30:53,100
industry,BK1351,印染,eastmoney_push2_clist,4,2026-06-29T17:30:53,100
industry,BK1476,化学工程,eastmoney_push2_clist,6,2026-06-29T17:30:53,100
industry,BK0910,专用设备,eastmoney_push2_clist,100,2026-06-29T17:30:53,100
industry,BK1211,汽车,eastmoney_push2_clist,100,2026-06-29T17:30:53,100
industry,BK1207,计算机,eastmoney_push2_clist,100,2026-06-29T17:30:53,100
industry,BK1478,装修装饰Ⅲ,eastmoney_push2_clist,22,2026-06-29T17:30:53,100
industry,BK0725,装修装饰Ⅱ,eastmoney_push2_clist,22,2026-06-29T17:30:53,100
industry,BK1330,模拟芯片设计,eastmoney_push2_clist,35,2026-06-29T17:30:53,100
industry,BK1221,数字媒体,eastmoney_push2_clist,15,2026-06-29T17:30:53,100
industry,BK1205,机械设备,eastmoney_push2_clist,100,2026-06-29T17:30:53,100
industry,BK1321,火电设备,eastmoney_push2_clist,4,2026-06-29T17:30:53,100
industry,BK1315,光伏电池组件,eastmoney_push2_clist,23,2026-06-29T17:30:53,100
industry,BK1428,其他化学制品,eastmoney_push2_clist,81,2026-06-29T17:30:53,100
industry,BK1548,综合电商,eastmoney_push2_clist,3,2026-06-29T17:30:53,100
industry,BK1206,基础化工,eastmoney_push2_clist,100,2026-06-29T17:30:53,100
industry,BK0545,通用设备,eastmoney_push2_clist,100,2026-06-29T17:30:53,100
industry,BK0735,计算机设备,eastmoney_push2_clist,91,2026-06-29T17:30:53,100
industry,BK1346,住宅开发,eastmoney_push2_clist,65,2026-06-29T17:30:53,100
industry,BK1311,输变电设备,eastmoney_push2_clist,31,2026-06-29T17:30:53,100
industry,BK1350,其他纺织,eastmoney_push2_clist,15,2026-06-29T17:30:53,100
industry,BK1033,电池,eastmoney_push2_clist,100,2026-06-29T17:30:53,100
industry,BK1032,风电设备,eastmoney_push2_clist,31,2026-06-29T17:30:53,100
industry,BK1386,军工电子Ⅲ,eastmoney_push2_clist,63,2026-06-29T17:30:53,100
industry,BK1233,军工电子Ⅱ,eastmoney_push2_clist,63,2026-06-29T17:30:53,100
industry,BK1525,车身附件及饰件,eastmoney_push2_clist,42,2026-06-29T17:30:53,100
industry,BK1564,体育Ⅲ,eastmoney_push2_clist,2,2026-06-29T17:30:53,100
industry,BK1273,体育Ⅱ,eastmoney_push2_clist,2,2026-06-29T17:30:53,100
industry,BK1547,跨境电商,eastmoney_push2_clist,7,2026-06-29T17:30:53,100
industry,BK1569,炼油化工,eastmoney_push2_clist,10,2026-06-29T17:30:53,100
industry,BK1308,电工仪器仪表,eastmoney_push2_clist,14,2026-06-29T17:30:53,100
industry,BK1442,炭黑,eastmoney_push2_clist,6,2026-06-29T17:30:53,100
industry,BK0420,航空机场,eastmoney_push2_clist,14,2026-06-29T17:30:53,100
industry,BK1441,其他橡胶制品,eastmoney_push2_clist,15,2026-06-29T17:30:53,100
industry,BK1313,风电零部件,eastmoney_push2_clist,26,2026-06-29T17:30:53,100
industry,BK1408,机器人,eastmoney_push2_clist,21,2026-06-29T17:30:53,100
industry,BK0476,装修建材,eastmoney_push2_clist,38,2026-06-29T17:30:53,100
industry,BK1526,底盘与发动机系统,eastmoney_push2_clist,100,2026-06-29T17:30:53,100
industry,BK1486,仓储物流,eastmoney_push2_clist,6,2026-06-29T17:30:53,100
industry,BK1403,能源及重型设备,eastmoney_push2_clist,62,2026-06-29T17:30:53,100
industry,BK0481,汽车零部件,eastmoney_push2_clist,100,2026-06-29T17:30:53,100
industry,BK1309,电网自动化设备,eastmoney_push2_clist,29,2026-06-29T17:30:53,100
industry,BK1389,固废治理,eastmoney_push2_clist,34,2026-06-29T17:30:53,100
industry,BK1385,航天装备Ⅲ,eastmoney_push2_clist,9,2026-06-29T17:30:53,100
industry,BK1232,航天装备Ⅱ,eastmoney_push2_clist,9,2026-06-29T17:30:53,100
industry,BK1304,锂电专用设备,eastmoney_push2_clist,19,2026-06-29T17:30:53,100
industry,BK1237,自动化设备,eastmoney_push2_clist,94,2026-06-29T17:30:53,100
industry,BK1579,保健品,eastmoney_push2_clist,9,2026-06-29T17:30:53,100
industry,BK1204,国防军工,eastmoney_push2_clist,100,2026-06-29T17:30:53,100
industry,BK1401,纺织服装设备,eastmoney_push2_clist,13,2026-06-29T17:30:53,100
industry,BK1532,金属包装,eastmoney_push2_clist,7,2026-06-29T17:30:53,100
industry,BK1374,风力发电,eastmoney_push2_clist,16,2026-06-29T17:30:53,100
industry,BK1627,综合Ⅲ,eastmoney_push2_clist,19,2026-06-29T17:30:53,100
industry,BK1217,综合,eastmoney_push2_clist,19,2026-06-29T17:30:53,100
industry,BK0539,综合Ⅱ,eastmoney_push2_clist,19,2026-06-29T17:30:53,100
industry,BK1420,其他化学原料,eastmoney_push2_clist,18,2026-06-29T17:30:53,100
industry,BK1317,光伏加工设备,eastmoney_push2_clist,11,2026-06-29T17:30:53,100
industry,BK1274,炼化及贸易,eastmoney_push2_clist,30,2026-06-29T17:30:53,100
industry,BK1425,胶黏剂及胶带,eastmoney_push2_clist,5,2026-06-29T17:30:53,100
industry,BK1430,涂料油墨,eastmoney_push2_clist,17,2026-06-29T17:30:53,100
industry,BK1580,肉制品,eastmoney_push2_clist,7,2026-06-29T17:30:53,100
industry,BK1463,水泥制品,eastmoney_push2_clist,9,2026-06-29T17:30:53,100
industry,BK1444,IT服务Ⅲ,eastmoney_push2_clist,100,2026-06-29T17:30:53,100
industry,BK1238,IT服务Ⅱ,eastmoney_push2_clist,100,2026-06-29T17:30:53,100
industry,BK1410,其他自动化设备,eastmoney_push2_clist,31,2026-06-29T17:30:53,100
industry,BK1467,耐火材料,eastmoney_push2_clist,9,2026-06-29T17:30:53,100
industry,BK1482,航运,eastmoney_push2_clist,20,2026-06-29T17:30:53,100
industry,BK1388,大气治理,eastmoney_push2_clist,8,2026-06-29T17:30:53,100
industry,BK1016,汽车服务,eastmoney_push2_clist,10,2026-06-29T17:30:53,100
industry,BK1395,机床工具,eastmoney_push2_clist,20,2026-06-29T17:30:53,100
industry,BK1392,工程机械器件,eastmoney_push2_clist,13,2026-06-29T17:30:53,100
industry,BK1574,油气开采Ⅲ,eastmoney_push2_clist,5,2026-06-29T17:30:53,100
industry,BK1276,油气开采Ⅱ,eastmoney_push2_clist,5,2026-06-29T17:30:53,100
industry,BK1384,航空装备Ⅲ,eastmoney_push2_clist,48,2026-06-29T17:30:53,100
industry,BK1231,航空装备Ⅱ,eastmoney_push2_clist,48,2026-06-29T17:30:53,100
industry,BK1619,其他金属新材料,eastmoney_push2_clist,21,2026-06-29T17:30:53,100
industry,BK1445,安防设备,eastmoney_push2_clist,27,2026-06-29T17:30:53,100
industry,BK1208,建筑材料,eastmoney_push2_clist,78,2026-06-29T17:30:53,100
industry,BK1335,面板,eastmoney_push2_clist,43,2026-06-29T17:30:53,100
industry,BK1427,民爆制品,eastmoney_push2_clist,13,2026-06-29T17:30:53,100
industry,BK1297,图片媒体,eastmoney_push2_clist,1,2026-06-29T17:30:53,100
industry,BK1398,其他通用设备,eastmoney_push2_clist,56,2026-06-29T17:30:53,100
industry,BK1354,鞋帽及其他,eastmoney_push2_clist,11,2026-06-29T17:30:53,100
industry,BK1291,电视广播Ⅲ,eastmoney_push2_clist,13,2026-06-29T17:30:53,100
industry,BK1219,电视广播Ⅱ,eastmoney_push2_clist,13,2026-06-29T17:30:53,100
industry,BK1479,航空运输,eastmoney_push2_clist,9,2026-06-29T17:30:53,100
industry,BK1567,其他专业服务,eastmoney_push2_clist,4,2026-06-29T17:30:53,100
industry,BK1355,运动服装,eastmoney_push2_clist,4,2026-06-29T17:30:53,100
industry,BK1334,光学元件,eastmoney_push2_clist,26,2026-06-29T17:30:53,100
industry,BK1043,专业服务,eastmoney_push2_clist,34,2026-06-29T17:30:53,100
industry,BK1538,瓷砖地板,eastmoney_push2_clist,12,2026-06-29T17:30:53,100
industry,BK1440,其他塑料制品,eastmoney_push2_clist,22,2026-06-29T17:30:53,100
industry,BK1528,其他汽车零部件,eastmoney_push2_clist,56,2026-06-29T17:30:53,100
industry,BK1402,楼宇设备,eastmoney_push2_clist,16,2026-06-29T17:30:53,100
industry,BK1038,光学光电子,eastmoney_push2_clist,99,2026-06-29T17:30:53,100
industry,BK1288,金属新材料,eastmoney_push2_clist,36,2026-06-29T17:30:53,100
industry,BK1588,通信工程及服务,eastmoney_push2_clist,20,2026-06-29T17:30:53,100
industry,BK1336,其他电子Ⅲ,eastmoney_push2_clist,33,2026-06-29T17:30:53,100
industry,BK1223,其他电子Ⅱ,eastmoney_push2_clist,33,2026-06-29T17:30:53,100
industry,BK0454,塑料,eastmoney_push2_clist,78,2026-06-29T17:30:53,100
industry,BK1533,塑料包装,eastmoney_push2_clist,9,2026-06-29T17:30:53,100
industry,BK1303,锂电池,eastmoney_push2_clist,32,2026-06-29T17:30:53,100
industry,BK1307,电机Ⅲ,eastmoney_push2_clist,27,2026-06-29T17:30:53,100
industry,BK1030,电机Ⅱ,eastmoney_push2_clist,27,2026-06-29T17:30:53,100
industry,BK1423,纺织化学制品,eastmoney_push2_clist,13,2026-06-29T17:30:53,100
industry,BK1473,园林工程,eastmoney_push2_clist,18,2026-06-29T17:30:53,100
industry,BK1339,被动元件,eastmoney_push2_clist,19,2026-06-29T17:30:53,100
industry,BK0736,通信服务,eastmoney_push2_clist,40,2026-06-29T17:30:53,100
industry,BK1382,地面兵装Ⅲ,eastmoney_push2_clist,12,2026-06-29T17:30:53,100
industry,BK1229,地面兵装Ⅱ,eastmoney_push2_clist,12,2026-06-29T17:30:53,100
industry,BK1590,其他通信设备,eastmoney_push2_clist,14,2026-06-29T17:30:53,100
industry,BK1556,教育运营及其他,eastmoney_push2_clist,2,2026-06-29T17:30:53,100
industry,BK1379,热力服务,eastmoney_push2_clist,18,2026-06-29T17:30:53,100
industry,BK1570,其他石化,eastmoney_push2_clist,14,2026-06-29T17:30:53,100
industry,BK1469,涂料,eastmoney_push2_clist,2,2026-06-29T17:30:53,100
industry,BK1593,通信终端及配件,eastmoney_push2_clist,27,2026-06-29T17:30:53,100
industry,BK1333,LED,eastmoney_push2_clist,30,2026-06-29T17:30:53,100
industry,BK1618,磁性材料,eastmoney_push2_clist,15,2026-06-29T17:30:53,100
industry,BK1426,聚氨酯,eastmoney_push2_clist,9,2026-06-29T17:30:53,100
industry,BK1437,改性塑料,eastmoney_push2_clist,22,2026-06-29T17:30:53,100
industry,BK1306,蓄电池及其他电池,eastmoney_push2_clist,10,2026-06-29T17:30:53,100
industry,BK1626,稀土,eastmoney_push2_clist,4,2026-06-29T17:30:53,100
industry,BK1341,房产租赁经纪,eastmoney_push2_clist,3,2026-06-29T17:30:53,100
industry,BK1415,其他化学纤维,eastmoney_push2_clist,8,2026-06-29T17:30:53,100
industry,BK1475,国际工程,eastmoney_push2_clist,4,2026-06-29T17:30:53,100
industry,BK1566,检测服务,eastmoney_push2_clist,24,2026-06-29T17:30:53,100
industry,BK1435,磷肥及磷化工,eastmoney_push2_clist,9,2026-06-29T17:30:53,100
industry,BK1215,通信,eastmoney_push2_clist,100,2026-06-29T17:30:53,100
industry,BK1589,通信应用增值服务,eastmoney_push2_clist,17,2026-06-29T17:30:53,100
industry,BK1591,通信网络设备及器件,eastmoney_push2_clist,37,2026-06-29T17:30:53,100
industry,BK1524,汽车综合服务,eastmoney_push2_clist,4,2026-06-29T17:30:53,100
industry,BK0448,通信设备,eastmoney_push2_clist,91,2026-06-29T17:30:53,100
industry,BK1037,消费电子,eastmoney_push2_clist,98,2026-06-29T17:30:53,100
industry,BK1439,膜材料,eastmoney_push2_clist,21,2026-06-29T17:30:53,100
industry,BK1305,燃料电池,eastmoney_push2_clist,1,2026-06-29T17:30:53,100
industry,BK1421,钛白粉,eastmoney_push2_clist,6,2026-06-29T17:30:53,100
industry,BK1409,激光设备,eastmoney_push2_clist,10,2026-06-29T17:30:53,100
industry,BK1338,消费电子零部件及组装,eastmoney_push2_clist,87,2026-06-29T17:30:53,100
industry,BK1412,氨纶,eastmoney_push2_clist,1,2026-06-29T17:30:53,100
industry,BK1465,防水材料,eastmoney_push2_clist,3,2026-06-29T17:30:53,100
industry,BK0459,元件,eastmoney_push2_clist,66,2026-06-29T17:30:53,100
industry,BK0546,玻璃玻纤,eastmoney_push2_clist,17,2026-06-29T17:30:53,100
industry,BK1625,钨,eastmoney_push2_clist,4,2026-06-29T17:30:53,100
industry,BK1397,磨具磨料,eastmoney_push2_clist,14,2026-06-29T17:30:53,100
industry,BK1340,印制电路板,eastmoney_push2_clist,47,2026-06-29T17:30:53,100
industry,BK1411,非金属材料Ⅲ,eastmoney_push2_clist,14,2026-06-29T17:30:53,100
industry,BK1020,非金属材料Ⅱ,eastmoney_push2_clist,14,2026-06-29T17:30:53,100
industry,BK1295,其他数字媒体,eastmoney_push2_clist,2,2026-06-29T17:30:53,100
industry,BK1592,通信线缆及配套,eastmoney_push2_clist,13,2026-06-29T17:30:53,100
industry,BK1462,玻纤制造,eastmoney_push2_clist,8,2026-06-29T17:30:53,100
